{"_step":10000,"charts/learning_rate":0.001,"losses/clipfrac":0.4985694885253906,"charts/time_per_it":0.08952164649963379,"charts/traj_len":10,"_timestamp":1.7368884081214333e+09,"charts/max_traj_len":10,"losses/value_loss":29.395957946777344,"rewards/rewards_max":4.860293388366699,"charts/min_true_episode_return":0,"charts/max_episode_return":42.16206359863281,"rewards/true_rewards_min":2.5049080848693848,"returns/values_ext":18.375354766845703,"rewards/rewards_mean":3.843160629272461,"charts/iterations":625,"losses/all_loss":58.971595764160156,"charts/episode_return":38.390716552734375,"losses/old_approx_kl":0.35608047246932983,"charts/min_episode_return":0,"_runtime":55.440142734,"returns/ret_ext":18.408306121826172,"rewards/rewards_min":2.5049080848693848,"rewards/true_rewards_max":4.860293388366699,"charts/max_true_episode_return":42.16206359863281,"returns/advantages":0.032951924949884415,"losses/policy_loss":0.18309086561203003,"charts/min_traj_len":0,"_wandb":{"runtime":55},"rewards/true_rewards_mean":3.843160629272461,"losses/entropy":0.3411417007446289,"charts/true_episode_return":38.390716552734375,"losses/approx_kl":0.35398057103157043}