{"charts/max_true_episode_return":37.51323318481445,"losses/old_approx_kl":0.034820556640625,"losses/clipfrac":0.3712806701660156,"charts/min_traj_len":0,"rewards/rewards_mean":3.227565288543701,"_runtime":33.200630431,"returns/values_ext":23.93498992919922,"rewards/rewards_max":4.84089469909668,"_wandb":{"runtime":33},"losses/all_loss":49.481998443603516,"rewards/rewards_min":0.8885107040405273,"losses/entropy":1.3329347372055054,"charts/traj_len":10,"charts/max_episode_return":37.51323318481445,"rewards/true_rewards_max":4.84089469909668,"charts/time_per_it":0.07773900032043457,"charts/learning_rate":0.0026,"losses/policy_loss":0.018413081765174866,"charts/true_episode_return":32.960941314697266,"losses/value_loss":24.73845672607422,"losses/approx_kl":0.03519190102815628,"charts/min_true_episode_return":0,"returns/advantages":-4.149619102478027,"charts/SPS":752092,"rewards/true_rewards_min":0.8885107040405273,"charts/min_episode_return":0,"rewards/true_rewards_mean":3.227565288543701,"_timestamp":1.7368878583389974e+09,"_step":24182784,"charts/max_traj_len":10,"charts/episode_return":32.960941314697266,"returns/ret_ext":19.785371780395508,"charts/iterations":369}