{"charts/min_episode_return":0,"losses/policy_loss":-0.012334253638982773,"charts/min_traj_len":0,"charts/time_per_it":0.07916617393493652,"charts/max_traj_len":10,"rewards/rewards_max":3.773446559906006,"charts/learning_rate":0.0026,"losses/clipfrac":0.16336822509765625,"rewards/true_rewards_mean":1.698455810546875,"returns/ret_ext":8.76480484008789,"returns/advantages":-1.564464807510376,"rewards/true_rewards_min":0.4609004855155945,"rewards/rewards_mean":1.698455810546875,"charts/true_episode_return":16.64190101623535,"rewards/rewards_min":0.4609004855155945,"rewards/true_rewards_max":3.773446559906006,"losses/value_loss":3.039577007293701,"charts/min_true_episode_return":0,"losses/approx_kl":0.017059164121747017,"_wandb":{"runtime":48},"_runtime":48.210123962,"losses/entropy":5.971069812774658,"charts/max_true_episode_return":20.60052490234375,"charts/traj_len":10,"losses/all_loss":6.00710916519165,"_step":9104,"charts/episode_return":16.64190101623535,"losses/old_approx_kl":0.01746233180165291,"charts/iterations":569,"returns/values_ext":10.329269409179688,"charts/max_episode_return":20.60052490234375,"_timestamp":1.73690428249966e+09}