{"charts/min_episode_return":0,"charts/episode_return":38.390716552734375,"charts/max_traj_len":10,"charts/min_traj_len":0,"charts/min_true_episode_return":0,"losses/policy_loss":0.18309086561203003,"_step":10000,"rewards/rewards_mean":3.843160629272461,"charts/time_per_it":0.08288764953613281,"losses/clipfrac":0.4985694885253906,"losses/old_approx_kl":0.35608047246932983,"returns/advantages":0.032951924949884415,"losses/all_loss":58.971595764160156,"charts/max_true_episode_return":42.16206359863281,"rewards/true_rewards_mean":3.843160629272461,"losses/value_loss":29.395957946777344,"returns/ret_ext":18.408306121826172,"_wandb":{"runtime":52},"rewards/rewards_max":4.860293388366699,"charts/max_episode_return":42.16206359863281,"returns/values_ext":18.375354766845703,"charts/iterations":625,"rewards/true_rewards_min":2.5049080848693848,"_runtime":52.571625853,"rewards/true_rewards_max":4.860293388366699,"losses/approx_kl":0.35398057103157043,"charts/true_episode_return":38.390716552734375,"_timestamp":1.7369044233346632e+09,"losses/entropy":0.3411417007446289,"charts/learning_rate":0.001,"rewards/rewards_min":2.5049080848693848,"charts/traj_len":10}