{"rewards/true_rewards_max":3.900913953781128,"returns/advantages":-1.000411033630371,"charts/max_traj_len":10,"losses/value_loss":6.237873077392578,"charts/min_true_episode_return":0,"charts/max_true_episode_return":30.399883270263672,"_wandb":{"runtime":41},"charts/max_episode_return":30.399883270263672,"rewards/rewards_min":1.355973243713379,"charts/max_consecutive_successes":0,"charts/consecutive_successes":NaN,"charts/learning_rate":0.0026,"losses/approx_kl":0.01379028707742691,"losses/old_approx_kl":0.012449961155653,"charts/min_traj_len":0,"returns/ret_ext":13.818483352661133,"losses/policy_loss":0.005853299982845783,"charts/episode_return":25.201045989990234,"charts/min_episode_return":0,"rewards/rewards_mean":2.5287728309631348,"losses/all_loss":12.481599807739258,"losses/clipfrac":0.15935897827148438,"charts/traj_len":10,"charts/time_per_it":0.0902407169342041,"charts/SPS":741597,"charts/true_episode_return":25.201045989990234,"_step":29949952,"_timestamp":1.7368861668706841e+09,"rewards/rewards_max":3.900913953781128,"_runtime":41.521429957,"charts/iterations":457,"rewards/true_rewards_mean":2.5287728309631348,"returns/values_ext":14.81889533996582,"rewards/true_rewards_min":1.355973243713379,"charts/min_consecutive_successes":0,"losses/entropy":-5.701817989349365}