{"charts/max_episode_return":33.29031753540039,"charts/min_consecutive_successes":0,"losses/entropy":5.9774298667907715,"rewards/rewards_min":0.24945609271526337,"returns/advantages":-4.2508225440979,"losses/approx_kl":0.11887316405773163,"_timestamp":1.7368862742292576e+09,"charts/min_traj_len":0,"rewards/true_rewards_mean":2.3774709701538086,"charts/max_true_episode_return":33.29031753540039,"rewards/rewards_max":4.757777214050293,"charts/max_traj_len":10,"losses/old_approx_kl":0.11739889532327652,"rewards/rewards_mean":2.3774709701538086,"charts/consecutive_successes":NaN,"charts/min_true_episode_return":0,"returns/ret_ext":14.28062915802002,"losses/value_loss":14.750261306762695,"charts/iterations":42,"charts/SPS":655306,"charts/min_episode_return":0,"charts/learning_rate":0.0026,"_step":2752512,"_wandb":{"runtime":5},"charts/traj_len":10,"rewards/true_rewards_max":4.757777214050293,"losses/policy_loss":0.08950603753328323,"losses/all_loss":29.530254364013672,"charts/episode_return":23.401912689208984,"charts/max_consecutive_successes":0,"charts/true_episode_return":23.401912689208984,"_runtime":5.309238041,"rewards/true_rewards_min":0.24945609271526337,"returns/values_ext":18.531452178955078,"charts/time_per_it":0.08176279067993164,"losses/clipfrac":0.4867057800292969}