{"_step":29949952,"charts/learning_rate":0.0026,"_runtime":40.755108084,"losses/value_loss":4.2727484703063965,"rewards/rewards_max":3.749352216720581,"charts/min_true_episode_return":0,"returns/advantages":-1.039021611213684,"rewards/true_rewards_min":0.5449932217597961,"charts/min_episode_return":0,"charts/max_episode_return":21.576210021972656,"_wandb":{"runtime":40},"charts/iterations":457,"charts/max_true_episode_return":21.576210021972656,"charts/min_traj_len":0,"returns/ret_ext":8.397079467773438,"charts/traj_len":10,"returns/values_ext":9.436103820800781,"charts/consecutive_successes":NaN,"losses/all_loss":8.504463195800781,"charts/time_per_it":0.08951592445373535,"losses/policy_loss":0.01739228330552578,"rewards/true_rewards_max":3.749352216720581,"losses/approx_kl":0.03582538291811943,"rewards/rewards_mean":1.7338976860046387,"charts/max_consecutive_successes":0,"rewards/true_rewards_mean":1.7338976860046387,"losses/clipfrac":0.3188323974609375,"rewards/rewards_min":0.5449932217597961,"charts/SPS":752493,"losses/entropy":5.842583656311035,"charts/true_episode_return":17.145586013793945,"losses/old_approx_kl":0.03286565840244293,"charts/episode_return":17.145586013793945,"charts/max_traj_len":10,"charts/min_consecutive_successes":0,"_timestamp":1.7368863496622481e+09}